name,sp500_start,sp500_trough,sp500_pct_drop,sp500_duration,unemp_event_start,unemp_peak_date,unemp_lag_months,tax_event_start,tax_trough_date,tax_lag_months,lag,unemp_change,tax_change
Downturn Dec 1961,1961-12-01,1962-06-01,-22.46,6,,,,,,,1,-0.8333333333333339,2.698084513780894
Downturn Dec 1961,1961-12-01,1962-06-01,-22.46,6,,,,,,,2,-1.1333333333333337,2.698084513780894
Downturn Dec 1961,1961-12-01,1962-06-01,-22.46,6,,,,,,,3,-1.033333333333334,2.698084513780894
Downturn Dec 1961,1961-12-01,1962-06-01,-22.46,6,,,,,,,4,-1.033333333333334,4.2205628556294
Downturn Dec 1961,1961-12-01,1962-06-01,-22.46,6,,,,,,,5,-1.1333333333333337,4.2205628556294
Downturn Dec 1961,1961-12-01,1962-06-01,-22.46,6,,,,,,,6,-1.1333333333333337,4.2205628556294
Downturn Dec 1961,1961-12-01,1962-06-01,-22.46,6,,,,,,,7,-1.2333333333333334,7.198879073184885
Downturn Dec 1961,1961-12-01,1962-06-01,-22.46,6,,,,,,,8,-0.9333333333333336,7.198879073184885
Downturn Dec 1961,1961-12-01,1962-06-01,-22.46,6,,,,,,,9,-1.033333333333334,7.198879073184885
Downturn Dec 1961,1961-12-01,1962-06-01,-22.46,6,,,,,,,10,-1.2333333333333334,8.67009551800146
Downturn Dec 1961,1961-12-01,1962-06-01,-22.46,6,,,,,,,11,-0.9333333333333336,8.67009551800146
Downturn Dec 1961,1961-12-01,1962-06-01,-22.46,6,,,,,,,12,-1.1333333333333337,8.67009551800146
Downturn Dec 1961,1961-12-01,1962-06-01,-22.46,6,,,,,,,13,-0.9333333333333336,9.505664439622002
Downturn Dec 1961,1961-12-01,1962-06-01,-22.46,6,,,,,,,14,-0.7333333333333334,9.505664439622002
Downturn Dec 1961,1961-12-01,1962-06-01,-22.46,6,,,,,,,15,-0.9333333333333336,9.505664439622002
Downturn Dec 1961,1961-12-01,1962-06-01,-22.46,6,,,,,,,16,-0.9333333333333336,12.130273567657145
Downturn Dec 1961,1961-12-01,1962-06-01,-22.46,6,,,,,,,17,-0.7333333333333334,12.130273567657145
Downturn Dec 1961,1961-12-01,1962-06-01,-22.46,6,,,,,,,18,-1.033333333333334,12.130273567657145
Downturn Dec 1961,1961-12-01,1962-06-01,-22.46,6,,,,,,,19,-1.033333333333334,13.23240435384377
Downturn Dec 1961,1961-12-01,1962-06-01,-22.46,6,,,,,,,20,-1.2333333333333334,13.23240435384377
Downturn Dec 1961,1961-12-01,1962-06-01,-22.46,6,,,,,,,21,-1.1333333333333337,13.23240435384377
Downturn Dec 1961,1961-12-01,1962-06-01,-22.46,6,,,,,,,22,-1.1333333333333337,14.74975650598909
Downturn Dec 1961,1961-12-01,1962-06-01,-22.46,6,,,,,,,23,-0.9333333333333336,14.74975650598909
Downturn Dec 1968,1968-12-01,1970-06-01,-29.02,18,1969-05-01,1970-12-01,5.0,1969-06-01,1970-10-01,6.0,1,-0.11666666666666625,8.413094672582666
Downturn Dec 1968,1968-12-01,1970-06-01,-29.02,18,1969-05-01,1970-12-01,5.0,1969-06-01,1970-10-01,6.0,2,-0.11666666666666625,8.413094672582666
Downturn Dec 1968,1968-12-01,1970-06-01,-29.02,18,1969-05-01,1970-12-01,5.0,1969-06-01,1970-10-01,6.0,3,-0.11666666666666625,8.413094672582666
Downturn Dec 1968,1968-12-01,1970-06-01,-29.02,18,1969-05-01,1970-12-01,5.0,1969-06-01,1970-10-01,6.0,4,-0.11666666666666625,9.96250290577213
Downturn Dec 1968,1968-12-01,1970-06-01,-29.02,18,1969-05-01,1970-12-01,5.0,1969-06-01,1970-10-01,6.0,5,-0.11666666666666625,9.96250290577213
Downturn Dec 1968,1968-12-01,1970-06-01,-29.02,18,1969-05-01,1970-12-01,5.0,1969-06-01,1970-10-01,6.0,6,-0.016666666666666163,9.96250290577213
Downturn Dec 1968,1968-12-01,1970-06-01,-29.02,18,1969-05-01,1970-12-01,5.0,1969-06-01,1970-10-01,6.0,7,-0.016666666666666163,7.376113037062485
Downturn Dec 1968,1968-12-01,1970-06-01,-29.02,18,1969-05-01,1970-12-01,5.0,1969-06-01,1970-10-01,6.0,8,-0.016666666666666163,7.376113037062485
Downturn Dec 1968,1968-12-01,1970-06-01,-29.02,18,1969-05-01,1970-12-01,5.0,1969-06-01,1970-10-01,6.0,9,0.18333333333333401,7.376113037062485
Downturn Dec 1968,1968-12-01,1970-06-01,-29.02,18,1969-05-01,1970-12-01,5.0,1969-06-01,1970-10-01,6.0,10,0.18333333333333401,7.691452481782079
Downturn Dec 1968,1968-12-01,1970-06-01,-29.02,18,1969-05-01,1970-12-01,5.0,1969-06-01,1970-10-01,6.0,11,-0.016666666666666163,7.691452481782079
Downturn Dec 1968,1968-12-01,1970-06-01,-29.02,18,1969-05-01,1970-12-01,5.0,1969-06-01,1970-10-01,6.0,12,-0.016666666666666163,7.691452481782079
Downturn Dec 1968,1968-12-01,1970-06-01,-29.02,18,1969-05-01,1970-12-01,5.0,1969-06-01,1970-10-01,6.0,13,0.38333333333333375,2.9007186100807565
Downturn Dec 1968,1968-12-01,1970-06-01,-29.02,18,1969-05-01,1970-12-01,5.0,1969-06-01,1970-10-01,6.0,14,0.683333333333334,2.9007186100807565
Downturn Dec 1968,1968-12-01,1970-06-01,-29.02,18,1969-05-01,1970-12-01,5.0,1969-06-01,1970-10-01,6.0,15,0.8833333333333342,2.9007186100807565
Downturn Dec 1968,1968-12-01,1970-06-01,-29.02,18,1969-05-01,1970-12-01,5.0,1969-06-01,1970-10-01,6.0,16,1.0833333333333335,3.7527415328327067
Downturn Dec 1968,1968-12-01,1970-06-01,-29.02,18,1969-05-01,1970-12-01,5.0,1969-06-01,1970-10-01,6.0,17,1.2833333333333337,3.7527415328327067
Downturn Dec 1968,1968-12-01,1970-06-01,-29.02,18,1969-05-01,1970-12-01,5.0,1969-06-01,1970-10-01,6.0,18,1.3833333333333342,3.7527415328327067
Downturn Dec 1968,1968-12-01,1970-06-01,-29.02,18,1969-05-01,1970-12-01,5.0,1969-06-01,1970-10-01,6.0,19,1.4833333333333338,0.6660535066352844
Downturn Dec 1968,1968-12-01,1970-06-01,-29.02,18,1969-05-01,1970-12-01,5.0,1969-06-01,1970-10-01,6.0,20,1.5833333333333335,0.6660535066352844
Downturn Dec 1968,1968-12-01,1970-06-01,-29.02,18,1969-05-01,1970-12-01,5.0,1969-06-01,1970-10-01,6.0,21,1.8833333333333342,0.6660535066352844
Downturn Dec 1968,1968-12-01,1970-06-01,-29.02,18,1969-05-01,1970-12-01,5.0,1969-06-01,1970-10-01,6.0,22,1.9833333333333338,0.28703975096270107
Downturn Dec 1968,1968-12-01,1970-06-01,-29.02,18,1969-05-01,1970-12-01,5.0,1969-06-01,1970-10-01,6.0,23,2.383333333333334,0.28703975096270107
Downturn Jan 1973,1973-01-01,1974-09-01,-42.47,20,1973-10-01,1975-05-01,9.0,1974-09-01,1975-04-01,20.0,1,-0.4666666666666659,3.5011189925274127
Downturn Jan 1973,1973-01-01,1974-09-01,-42.47,20,1973-10-01,1975-05-01,9.0,1974-09-01,1975-04-01,20.0,2,-0.5666666666666655,3.5011189925274127
Downturn Jan 1973,1973-01-01,1974-09-01,-42.47,20,1973-10-01,1975-05-01,9.0,1974-09-01,1975-04-01,20.0,3,-0.4666666666666659,5.233344712918353
Downturn Jan 1973,1973-01-01,1974-09-01,-42.47,20,1973-10-01,1975-05-01,9.0,1974-09-01,1975-04-01,20.0,4,-0.5666666666666655,5.233344712918353
Downturn Jan 1973,1973-01-01,1974-09-01,-42.47,20,1973-10-01,1975-05-01,9.0,1974-09-01,1975-04-01,20.0,5,-0.5666666666666655,5.233344712918353
Downturn Jan 1973,1973-01-01,1974-09-01,-42.47,20,1973-10-01,1975-05-01,9.0,1974-09-01,1975-04-01,20.0,6,-0.6666666666666661,6.626711679247429
Downturn Jan 1973,1973-01-01,1974-09-01,-42.47,20,1973-10-01,1975-05-01,9.0,1974-09-01,1975-04-01,20.0,7,-0.6666666666666661,6.626711679247429
Downturn Jan 1973,1973-01-01,1974-09-01,-42.47,20,1973-10-01,1975-05-01,9.0,1974-09-01,1975-04-01,20.0,8,-0.6666666666666661,6.626711679247429
Downturn Jan 1973,1973-01-01,1974-09-01,-42.47,20,1973-10-01,1975-05-01,9.0,1974-09-01,1975-04-01,20.0,9,-0.8666666666666663,11.188660875722297
Downturn Jan 1973,1973-01-01,1974-09-01,-42.47,20,1973-10-01,1975-05-01,9.0,1974-09-01,1975-04-01,20.0,10,-0.6666666666666661,11.188660875722297
Downturn Jan 1973,1973-01-01,1974-09-01,-42.47,20,1973-10-01,1975-05-01,9.0,1974-09-01,1975-04-01,20.0,11,-0.5666666666666655,11.188660875722297
Downturn Jan 1973,1973-01-01,1974-09-01,-42.47,20,1973-10-01,1975-05-01,9.0,1974-09-01,1975-04-01,20.0,12,-0.36666666666666625,11.927069503976542
Downturn Jan 1973,1973-01-01,1974-09-01,-42.47,20,1973-10-01,1975-05-01,9.0,1974-09-01,1975-04-01,20.0,13,-0.2666666666666657,11.927069503976542
Downturn Jan 1973,1973-01-01,1974-09-01,-42.47,20,1973-10-01,1975-05-01,9.0,1974-09-01,1975-04-01,20.0,14,-0.36666666666666625,11.927069503976542
Downturn Jan 1973,1973-01-01,1974-09-01,-42.47,20,1973-10-01,1975-05-01,9.0,1974-09-01,1975-04-01,20.0,15,-0.36666666666666625,16.67614965418706
Downturn Jan 1973,1973-01-01,1974-09-01,-42.47,20,1973-10-01,1975-05-01,9.0,1974-09-01,1975-04-01,20.0,16,-0.36666666666666625,16.67614965418706
Downturn Jan 1973,1973-01-01,1974-09-01,-42.47,20,1973-10-01,1975-05-01,9.0,1974-09-01,1975-04-01,20.0,17,-0.06666666666666554,16.67614965418706
Downturn Jan 1973,1973-01-01,1974-09-01,-42.47,20,1973-10-01,1975-05-01,9.0,1974-09-01,1975-04-01,20.0,18,0.0333333333333341,22.540429136795247
Downturn Jan 1973,1973-01-01,1974-09-01,-42.47,20,1973-10-01,1975-05-01,9.0,1974-09-01,1975-04-01,20.0,19,0.0333333333333341,22.540429136795247
Downturn Jan 1973,1973-01-01,1974-09-01,-42.47,20,1973-10-01,1975-05-01,9.0,1974-09-01,1975-04-01,20.0,20,0.43333333333333446,22.540429136795247
Downturn Jan 1973,1973-01-01,1974-09-01,-42.47,20,1973-10-01,1975-05-01,9.0,1974-09-01,1975-04-01,20.0,21,0.5333333333333341,20.530035782472908
Downturn Jan 1973,1973-01-01,1974-09-01,-42.47,20,1973-10-01,1975-05-01,9.0,1974-09-01,1975-04-01,20.0,22,1.1333333333333337,20.530035782472908
Downturn Jan 1973,1973-01-01,1974-09-01,-42.47,20,1973-10-01,1975-05-01,9.0,1974-09-01,1975-04-01,20.0,23,1.7333333333333343,20.530035782472908
Downturn Nov 1980,1980-11-01,1982-07-01,-19.38,20,1981-07-01,1982-11-01,8.0,1981-09-01,1983-01-01,10.0,1,-0.3999999999999986,6.854721987989401
Downturn Nov 1980,1980-11-01,1982-07-01,-19.38,20,1981-07-01,1982-11-01,8.0,1981-09-01,1983-01-01,10.0,2,-0.09999999999999876,13.021880624209128
Downturn Nov 1980,1980-11-01,1982-07-01,-19.38,20,1981-07-01,1982-11-01,8.0,1981-09-01,1983-01-01,10.0,3,-0.1999999999999984,13.021880624209128
Downturn Nov 1980,1980-11-01,1982-07-01,-19.38,20,1981-07-01,1982-11-01,8.0,1981-09-01,1983-01-01,10.0,4,-0.1999999999999984,13.021880624209128
Downturn Nov 1980,1980-11-01,1982-07-01,-19.38,20,1981-07-01,1982-11-01,8.0,1981-09-01,1983-01-01,10.0,5,-0.3999999999999986,14.162720744915156
Downturn Nov 1980,1980-11-01,1982-07-01,-19.38,20,1981-07-01,1982-11-01,8.0,1981-09-01,1983-01-01,10.0,6,-0.09999999999999876,14.162720744915156
Downturn Nov 1980,1980-11-01,1982-07-01,-19.38,20,1981-07-01,1982-11-01,8.0,1981-09-01,1983-01-01,10.0,7,-0.09999999999999876,14.162720744915156
Downturn Nov 1980,1980-11-01,1982-07-01,-19.38,20,1981-07-01,1982-11-01,8.0,1981-09-01,1983-01-01,10.0,8,-0.3999999999999986,17.550388557520723
Downturn Nov 1980,1980-11-01,1982-07-01,-19.38,20,1981-07-01,1982-11-01,8.0,1981-09-01,1983-01-01,10.0,9,-0.1999999999999984,17.550388557520723
Downturn Nov 1980,1980-11-01,1982-07-01,-19.38,20,1981-07-01,1982-11-01,8.0,1981-09-01,1983-01-01,10.0,10,8.881784197001252e-16,17.550388557520723
Downturn Nov 1980,1980-11-01,1982-07-01,-19.38,20,1981-07-01,1982-11-01,8.0,1981-09-01,1983-01-01,10.0,11,0.3000000000000016,13.329744811568705
Downturn Nov 1980,1980-11-01,1982-07-01,-19.38,20,1981-07-01,1982-11-01,8.0,1981-09-01,1983-01-01,10.0,12,0.700000000000002,13.329744811568705
Downturn Nov 1980,1980-11-01,1982-07-01,-19.38,20,1981-07-01,1982-11-01,8.0,1981-09-01,1983-01-01,10.0,13,0.9000000000000012,13.329744811568705
Downturn Nov 1980,1980-11-01,1982-07-01,-19.38,20,1981-07-01,1982-11-01,8.0,1981-09-01,1983-01-01,10.0,14,1.0000000000000009,8.480012546917806
Downturn Nov 1980,1980-11-01,1982-07-01,-19.38,20,1981-07-01,1982-11-01,8.0,1981-09-01,1983-01-01,10.0,15,1.3000000000000016,8.480012546917806
Downturn Nov 1980,1980-11-01,1982-07-01,-19.38,20,1981-07-01,1982-11-01,8.0,1981-09-01,1983-01-01,10.0,16,1.4000000000000012,8.480012546917806
Downturn Nov 1980,1980-11-01,1982-07-01,-19.38,20,1981-07-01,1982-11-01,8.0,1981-09-01,1983-01-01,10.0,17,1.700000000000002,9.697528276551092
Downturn Nov 1980,1980-11-01,1982-07-01,-19.38,20,1981-07-01,1982-11-01,8.0,1981-09-01,1983-01-01,10.0,18,1.8000000000000016,9.697528276551092
Downturn Nov 1980,1980-11-01,1982-07-01,-19.38,20,1981-07-01,1982-11-01,8.0,1981-09-01,1983-01-01,10.0,19,2.000000000000001,9.697528276551092
Downturn Nov 1980,1980-11-01,1982-07-01,-19.38,20,1981-07-01,1982-11-01,8.0,1981-09-01,1983-01-01,10.0,20,2.200000000000002,6.456241171897588
Downturn Nov 1980,1980-11-01,1982-07-01,-19.38,20,1981-07-01,1982-11-01,8.0,1981-09-01,1983-01-01,10.0,21,2.200000000000002,6.456241171897588
Downturn Nov 1980,1980-11-01,1982-07-01,-19.38,20,1981-07-01,1982-11-01,8.0,1981-09-01,1983-01-01,10.0,22,2.500000000000001,6.456241171897588
Downturn Nov 1980,1980-11-01,1982-07-01,-19.38,20,1981-07-01,1982-11-01,8.0,1981-09-01,1983-01-01,10.0,23,2.8000000000000016,7.265982072235766
Downturn Aug 1987,1987-08-01,1987-12-01,-26.84,4,1989-03-01,1992-06-01,19.0,,,,1,-0.4500000000000002,2.4273029101830077
Downturn Aug 1987,1987-08-01,1987-12-01,-26.84,4,1989-03-01,1992-06-01,19.0,,,,2,-0.35000000000000053,4.518058821951358
Downturn Aug 1987,1987-08-01,1987-12-01,-26.84,4,1989-03-01,1992-06-01,19.0,,,,3,-0.5500000000000007,4.518058821951358
Downturn Aug 1987,1987-08-01,1987-12-01,-26.84,4,1989-03-01,1992-06-01,19.0,,,,4,-0.6500000000000004,4.518058821951358
Downturn Aug 1987,1987-08-01,1987-12-01,-26.84,4,1989-03-01,1992-06-01,19.0,,,,5,-0.6500000000000004,3.257396816312656
Downturn Aug 1987,1987-08-01,1987-12-01,-26.84,4,1989-03-01,1992-06-01,19.0,,,,6,-0.6500000000000004,3.257396816312656
Downturn Aug 1987,1987-08-01,1987-12-01,-26.84,4,1989-03-01,1992-06-01,19.0,,,,7,-0.6500000000000004,3.257396816312656
Downturn Aug 1987,1987-08-01,1987-12-01,-26.84,4,1989-03-01,1992-06-01,19.0,,,,8,-0.9500000000000002,3.991106319214404
Downturn Aug 1987,1987-08-01,1987-12-01,-26.84,4,1989-03-01,1992-06-01,19.0,,,,9,-0.7500000000000009,3.991106319214404
Downturn Aug 1987,1987-08-01,1987-12-01,-26.84,4,1989-03-01,1992-06-01,19.0,,,,10,-0.9500000000000002,3.991106319214404
Downturn Aug 1987,1987-08-01,1987-12-01,-26.84,4,1989-03-01,1992-06-01,19.0,,,,11,-0.9500000000000002,5.950794772120175
Downturn Aug 1987,1987-08-01,1987-12-01,-26.84,4,1989-03-01,1992-06-01,19.0,,,,12,-0.7500000000000009,5.950794772120175
Downturn Aug 1987,1987-08-01,1987-12-01,-26.84,4,1989-03-01,1992-06-01,19.0,,,,13,-0.9500000000000002,5.950794772120175
Downturn Aug 1987,1987-08-01,1987-12-01,-26.84,4,1989-03-01,1992-06-01,19.0,,,,14,-0.9500000000000002,8.215540819337683
Downturn Aug 1987,1987-08-01,1987-12-01,-26.84,4,1989-03-01,1992-06-01,19.0,,,,15,-1.0500000000000007,8.215540819337683
Downturn Aug 1987,1987-08-01,1987-12-01,-26.84,4,1989-03-01,1992-06-01,19.0,,,,16,-1.0500000000000007,8.215540819337683
Downturn Aug 1987,1987-08-01,1987-12-01,-26.84,4,1989-03-01,1992-06-01,19.0,,,,17,-0.9500000000000002,14.628265349008613
Downturn Aug 1987,1987-08-01,1987-12-01,-26.84,4,1989-03-01,1992-06-01,19.0,,,,18,-1.1500000000000004,14.628265349008613
Downturn Aug 1987,1987-08-01,1987-12-01,-26.84,4,1989-03-01,1992-06-01,19.0,,,,19,-1.3500000000000005,14.628265349008613
Downturn Aug 1987,1987-08-01,1987-12-01,-26.84,4,1989-03-01,1992-06-01,19.0,,,,20,-1.1500000000000004,13.930005378109186
Downturn Aug 1987,1987-08-01,1987-12-01,-26.84,4,1989-03-01,1992-06-01,19.0,,,,21,-1.1500000000000004,13.930005378109186
Downturn Aug 1987,1987-08-01,1987-12-01,-26.84,4,1989-03-01,1992-06-01,19.0,,,,22,-1.0500000000000007,13.930005378109186
Downturn Aug 1987,1987-08-01,1987-12-01,-26.84,4,1989-03-01,1992-06-01,19.0,,,,23,-1.1500000000000004,15.243554253113478
Dot-com crash,2000-03-01,2002-10-01,-42.47,26,2000-04-01,2003-06-01,1.0,2001-06-01,2001-07-01,15.0,1,-0.2833333333333332,4.514422558480686
Dot-com crash,2000-03-01,2002-10-01,-42.47,26,2000-04-01,2003-06-01,1.0,2001-06-01,2001-07-01,15.0,2,-0.08333333333333304,4.514422558480686
Dot-com crash,2000-03-01,2002-10-01,-42.47,26,2000-04-01,2003-06-01,1.0,2001-06-01,2001-07-01,15.0,3,-0.08333333333333304,4.514422558480686
Dot-com crash,2000-03-01,2002-10-01,-42.47,26,2000-04-01,2003-06-01,1.0,2001-06-01,2001-07-01,15.0,4,-0.08333333333333304,5.121803832044393
Dot-com crash,2000-03-01,2002-10-01,-42.47,26,2000-04-01,2003-06-01,1.0,2001-06-01,2001-07-01,15.0,5,0.016666666666666607,5.121803832044393
Dot-com crash,2000-03-01,2002-10-01,-42.47,26,2000-04-01,2003-06-01,1.0,2001-06-01,2001-07-01,15.0,6,-0.18333333333333313,5.121803832044393
Dot-com crash,2000-03-01,2002-10-01,-42.47,26,2000-04-01,2003-06-01,1.0,2001-06-01,2001-07-01,15.0,7,-0.18333333333333313,6.30718615141397
Dot-com crash,2000-03-01,2002-10-01,-42.47,26,2000-04-01,2003-06-01,1.0,2001-06-01,2001-07-01,15.0,8,-0.18333333333333313,6.30718615141397
Dot-com crash,2000-03-01,2002-10-01,-42.47,26,2000-04-01,2003-06-01,1.0,2001-06-01,2001-07-01,15.0,9,-0.18333333333333313,6.30718615141397
Dot-com crash,2000-03-01,2002-10-01,-42.47,26,2000-04-01,2003-06-01,1.0,2001-06-01,2001-07-01,15.0,10,0.11666666666666714,5.882759869538774
Dot-com crash,2000-03-01,2002-10-01,-42.47,26,2000-04-01,2003-06-01,1.0,2001-06-01,2001-07-01,15.0,11,0.11666666666666714,5.882759869538774
Dot-com crash,2000-03-01,2002-10-01,-42.47,26,2000-04-01,2003-06-01,1.0,2001-06-01,2001-07-01,15.0,12,0.21666666666666679,5.882759869538774
Dot-com crash,2000-03-01,2002-10-01,-42.47,26,2000-04-01,2003-06-01,1.0,2001-06-01,2001-07-01,15.0,13,0.3166666666666673,5.085343050782627
Dot-com crash,2000-03-01,2002-10-01,-42.47,26,2000-04-01,2003-06-01,1.0,2001-06-01,2001-07-01,15.0,14,0.21666666666666679,5.085343050782627
Dot-com crash,2000-03-01,2002-10-01,-42.47,26,2000-04-01,2003-06-01,1.0,2001-06-01,2001-07-01,15.0,15,0.41666666666666696,5.085343050782627
Dot-com crash,2000-03-01,2002-10-01,-42.47,26,2000-04-01,2003-06-01,1.0,2001-06-01,2001-07-01,15.0,16,0.5166666666666666,-10.12718545963577
Dot-com crash,2000-03-01,2002-10-01,-42.47,26,2000-04-01,2003-06-01,1.0,2001-06-01,2001-07-01,15.0,17,0.8166666666666673,-10.12718545963577
Dot-com crash,2000-03-01,2002-10-01,-42.47,26,2000-04-01,2003-06-01,1.0,2001-06-01,2001-07-01,15.0,18,0.916666666666667,-10.12718545963577
Dot-com crash,2000-03-01,2002-10-01,-42.47,26,2000-04-01,2003-06-01,1.0,2001-06-01,2001-07-01,15.0,19,1.2166666666666668,-1.4577394722545969
Dot-com crash,2000-03-01,2002-10-01,-42.47,26,2000-04-01,2003-06-01,1.0,2001-06-01,2001-07-01,15.0,20,1.416666666666667,-1.4577394722545969
Dot-com crash,2000-03-01,2002-10-01,-42.47,26,2000-04-01,2003-06-01,1.0,2001-06-01,2001-07-01,15.0,21,1.6166666666666671,-1.4577394722545969
Dot-com crash,2000-03-01,2002-10-01,-42.47,26,2000-04-01,2003-06-01,1.0,2001-06-01,2001-07-01,15.0,22,1.6166666666666671,-14.091969879162624
Dot-com crash,2000-03-01,2002-10-01,-42.47,26,2000-04-01,2003-06-01,1.0,2001-06-01,2001-07-01,15.0,23,1.6166666666666671,-14.091969879162624
Global Financial Crisis,2007-10-01,2009-03-01,-50.82,17,2007-11-01,2009-10-01,1.0,2007-12-01,2009-04-01,2.0,1,0.11666666666666714,-0.4901377967360704
Global Financial Crisis,2007-10-01,2009-03-01,-50.82,17,2007-11-01,2009-10-01,1.0,2007-12-01,2009-04-01,2.0,2,0.41666666666666696,-0.4901377967360704
Global Financial Crisis,2007-10-01,2009-03-01,-50.82,17,2007-11-01,2009-10-01,1.0,2007-12-01,2009-04-01,2.0,3,0.41666666666666696,-3.680860660737658
Global Financial Crisis,2007-10-01,2009-03-01,-50.82,17,2007-11-01,2009-10-01,1.0,2007-12-01,2009-04-01,2.0,4,0.3166666666666673,-3.680860660737658
Global Financial Crisis,2007-10-01,2009-03-01,-50.82,17,2007-11-01,2009-10-01,1.0,2007-12-01,2009-04-01,2.0,5,0.5166666666666666,-3.680860660737658
Global Financial Crisis,2007-10-01,2009-03-01,-50.82,17,2007-11-01,2009-10-01,1.0,2007-12-01,2009-04-01,2.0,6,0.41666666666666696,-5.117778662847954
Global Financial Crisis,2007-10-01,2009-03-01,-50.82,17,2007-11-01,2009-10-01,1.0,2007-12-01,2009-04-01,2.0,7,0.8166666666666673,-5.117778662847954
Global Financial Crisis,2007-10-01,2009-03-01,-50.82,17,2007-11-01,2009-10-01,1.0,2007-12-01,2009-04-01,2.0,8,1.0166666666666666,-5.117778662847954
Global Financial Crisis,2007-10-01,2009-03-01,-50.82,17,2007-11-01,2009-10-01,1.0,2007-12-01,2009-04-01,2.0,9,1.2166666666666668,-7.226715350355856
Global Financial Crisis,2007-10-01,2009-03-01,-50.82,17,2007-11-01,2009-10-01,1.0,2007-12-01,2009-04-01,2.0,10,1.5166666666666666,-7.226715350355856
Global Financial Crisis,2007-10-01,2009-03-01,-50.82,17,2007-11-01,2009-10-01,1.0,2007-12-01,2009-04-01,2.0,11,1.5166666666666666,-7.226715350355856
Global Financial Crisis,2007-10-01,2009-03-01,-50.82,17,2007-11-01,2009-10-01,1.0,2007-12-01,2009-04-01,2.0,12,1.916666666666667,-14.062382133640694
Global Financial Crisis,2007-10-01,2009-03-01,-50.82,17,2007-11-01,2009-10-01,1.0,2007-12-01,2009-04-01,2.0,13,2.216666666666667,-14.062382133640694
Global Financial Crisis,2007-10-01,2009-03-01,-50.82,17,2007-11-01,2009-10-01,1.0,2007-12-01,2009-04-01,2.0,14,2.716666666666667,-14.062382133640694
Global Financial Crisis,2007-10-01,2009-03-01,-50.82,17,2007-11-01,2009-10-01,1.0,2007-12-01,2009-04-01,2.0,15,3.216666666666667,-28.961528109894672
Global Financial Crisis,2007-10-01,2009-03-01,-50.82,17,2007-11-01,2009-10-01,1.0,2007-12-01,2009-04-01,2.0,16,3.7166666666666677,-28.961528109894672
Global Financial Crisis,2007-10-01,2009-03-01,-50.82,17,2007-11-01,2009-10-01,1.0,2007-12-01,2009-04-01,2.0,17,4.116666666666666,-28.961528109894672
Global Financial Crisis,2007-10-01,2009-03-01,-50.82,17,2007-11-01,2009-10-01,1.0,2007-12-01,2009-04-01,2.0,18,4.416666666666667,-31.55243828730847
Global Financial Crisis,2007-10-01,2009-03-01,-50.82,17,2007-11-01,2009-10-01,1.0,2007-12-01,2009-04-01,2.0,19,4.816666666666667,-31.55243828730847
Global Financial Crisis,2007-10-01,2009-03-01,-50.82,17,2007-11-01,2009-10-01,1.0,2007-12-01,2009-04-01,2.0,20,4.916666666666667,-31.55243828730847
Global Financial Crisis,2007-10-01,2009-03-01,-50.82,17,2007-11-01,2009-10-01,1.0,2007-12-01,2009-04-01,2.0,21,4.916666666666667,-31.450058500517947
Global Financial Crisis,2007-10-01,2009-03-01,-50.82,17,2007-11-01,2009-10-01,1.0,2007-12-01,2009-04-01,2.0,22,5.016666666666667,-31.450058500517947
Global Financial Crisis,2007-10-01,2009-03-01,-50.82,17,2007-11-01,2009-10-01,1.0,2007-12-01,2009-04-01,2.0,23,5.216666666666668,-31.450058500517947
COVID crash,2020-02-01,2020-03-01,-19.09,2,2020-02-01,2020-04-01,0.0,2020-03-01,2020-04-01,1.0,1,0.8166666666666669,0.4331186730281886
COVID crash,2020-02-01,2020-03-01,-19.09,2,2020-02-01,2020-04-01,0.0,2020-03-01,2020-04-01,1.0,2,11.216666666666667,-8.014485966313197
COVID crash,2020-02-01,2020-03-01,-19.09,2,2020-02-01,2020-04-01,0.0,2020-03-01,2020-04-01,1.0,3,9.616666666666665,-8.014485966313197
COVID crash,2020-02-01,2020-03-01,-19.09,2,2020-02-01,2020-04-01,0.0,2020-03-01,2020-04-01,1.0,4,7.416666666666666,-8.014485966313197
COVID crash,2020-02-01,2020-03-01,-19.09,2,2020-02-01,2020-04-01,0.0,2020-03-01,2020-04-01,1.0,5,6.616666666666665,0.9659016128124467
COVID crash,2020-02-01,2020-03-01,-19.09,2,2020-02-01,2020-04-01,0.0,2020-03-01,2020-04-01,1.0,6,4.816666666666666,0.9659016128124467
COVID crash,2020-02-01,2020-03-01,-19.09,2,2020-02-01,2020-04-01,0.0,2020-03-01,2020-04-01,1.0,7,4.216666666666667,0.9659016128124467
COVID crash,2020-02-01,2020-03-01,-19.09,2,2020-02-01,2020-04-01,0.0,2020-03-01,2020-04-01,1.0,8,3.316666666666667,6.430135721059119
COVID crash,2020-02-01,2020-03-01,-19.09,2,2020-02-01,2020-04-01,0.0,2020-03-01,2020-04-01,1.0,9,3.1166666666666667,6.430135721059119
COVID crash,2020-02-01,2020-03-01,-19.09,2,2020-02-01,2020-04-01,0.0,2020-03-01,2020-04-01,1.0,10,3.1166666666666667,6.430135721059119
COVID crash,2020-02-01,2020-03-01,-19.09,2,2020-02-01,2020-04-01,0.0,2020-03-01,2020-04-01,1.0,11,2.816666666666667,14.645810496512205
COVID crash,2020-02-01,2020-03-01,-19.09,2,2020-02-01,2020-04-01,0.0,2020-03-01,2020-04-01,1.0,12,2.6166666666666667,14.645810496512205
COVID crash,2020-02-01,2020-03-01,-19.09,2,2020-02-01,2020-04-01,0.0,2020-03-01,2020-04-01,1.0,13,2.516666666666666,14.645810496512205
COVID crash,2020-02-01,2020-03-01,-19.09,2,2020-02-01,2020-04-01,0.0,2020-03-01,2020-04-01,1.0,14,2.516666666666666,23.010167801512292
COVID crash,2020-02-01,2020-03-01,-19.09,2,2020-02-01,2020-04-01,0.0,2020-03-01,2020-04-01,1.0,15,2.2166666666666663,23.010167801512292
COVID crash,2020-02-01,2020-03-01,-19.09,2,2020-02-01,2020-04-01,0.0,2020-03-01,2020-04-01,1.0,16,2.316666666666667,23.010167801512292
COVID crash,2020-02-01,2020-03-01,-19.09,2,2020-02-01,2020-04-01,0.0,2020-03-01,2020-04-01,1.0,17,1.8166666666666669,27.455156893321085
COVID crash,2020-02-01,2020-03-01,-19.09,2,2020-02-01,2020-04-01,0.0,2020-03-01,2020-04-01,1.0,18,1.5166666666666662,27.455156893321085
COVID crash,2020-02-01,2020-03-01,-19.09,2,2020-02-01,2020-04-01,0.0,2020-03-01,2020-04-01,1.0,19,1.1166666666666667,27.455156893321085
COVID crash,2020-02-01,2020-03-01,-19.09,2,2020-02-01,2020-04-01,0.0,2020-03-01,2020-04-01,1.0,20,0.9166666666666665,32.52589619941038
COVID crash,2020-02-01,2020-03-01,-19.09,2,2020-02-01,2020-04-01,0.0,2020-03-01,2020-04-01,1.0,21,0.5166666666666662,32.52589619941038
COVID crash,2020-02-01,2020-03-01,-19.09,2,2020-02-01,2020-04-01,0.0,2020-03-01,2020-04-01,1.0,22,0.31666666666666643,32.52589619941038
COVID crash,2020-02-01,2020-03-01,-19.09,2,2020-02-01,2020-04-01,0.0,2020-03-01,2020-04-01,1.0,23,0.4166666666666665,49.853200999526095
Downturn Dec 2021,2021-12-01,2022-10-01,-20.29,10,,,,2022-12-01,2023-04-01,12.0,1,-0.9499999999999993,16.703945103540256
Downturn Dec 2021,2021-12-01,2022-10-01,-20.29,10,,,,2022-12-01,2023-04-01,12.0,2,-1.0499999999999994,16.703945103540256
Downturn Dec 2021,2021-12-01,2022-10-01,-20.29,10,,,,2022-12-01,2023-04-01,12.0,3,-1.2499999999999991,16.703945103540256
Downturn Dec 2021,2021-12-01,2022-10-01,-20.29,10,,,,2022-12-01,2023-04-01,12.0,4,-1.2499999999999991,18.47903977555791
Downturn Dec 2021,2021-12-01,2022-10-01,-20.29,10,,,,2022-12-01,2023-04-01,12.0,5,-1.3499999999999992,18.47903977555791
Downturn Dec 2021,2021-12-01,2022-10-01,-20.29,10,,,,2022-12-01,2023-04-01,12.0,6,-1.3499999999999992,18.47903977555791
Downturn Dec 2021,2021-12-01,2022-10-01,-20.29,10,,,,2022-12-01,2023-04-01,12.0,7,-1.4499999999999993,18.709211712727313
Downturn Dec 2021,2021-12-01,2022-10-01,-20.29,10,,,,2022-12-01,2023-04-01,12.0,8,-1.3499999999999992,18.709211712727313
Downturn Dec 2021,2021-12-01,2022-10-01,-20.29,10,,,,2022-12-01,2023-04-01,12.0,9,-1.4499999999999993,18.709211712727313
Downturn Dec 2021,2021-12-01,2022-10-01,-20.29,10,,,,2022-12-01,2023-04-01,12.0,10,-1.3499999999999992,17.378814293985144
Downturn Dec 2021,2021-12-01,2022-10-01,-20.29,10,,,,2022-12-01,2023-04-01,12.0,11,-1.3499999999999992,17.378814293985144
Downturn Dec 2021,2021-12-01,2022-10-01,-20.29,10,,,,2022-12-01,2023-04-01,12.0,12,-1.4499999999999993,17.378814293985144
Downturn Dec 2021,2021-12-01,2022-10-01,-20.29,10,,,,2022-12-01,2023-04-01,12.0,13,-1.4499999999999993,5.041308709463429
Downturn Dec 2021,2021-12-01,2022-10-01,-20.29,10,,,,2022-12-01,2023-04-01,12.0,14,-1.3499999999999992,5.041308709463429
Downturn Dec 2021,2021-12-01,2022-10-01,-20.29,10,,,,2022-12-01,2023-04-01,12.0,15,-1.4499999999999993,5.041308709463429
Downturn Dec 2021,2021-12-01,2022-10-01,-20.29,10,,,,2022-12-01,2023-04-01,12.0,16,-1.5499999999999994,4.7348957136407455
Downturn Dec 2021,2021-12-01,2022-10-01,-20.29,10,,,,2022-12-01,2023-04-01,12.0,17,-1.3499999999999992,4.7348957136407455
Downturn Dec 2021,2021-12-01,2022-10-01,-20.29,10,,,,2022-12-01,2023-04-01,12.0,18,-1.3499999999999992,4.7348957136407455
Downturn Dec 2021,2021-12-01,2022-10-01,-20.29,10,,,,2022-12-01,2023-04-01,12.0,19,-1.4499999999999993,5.803139791512394
Downturn Dec 2021,2021-12-01,2022-10-01,-20.29,10,,,,2022-12-01,2023-04-01,12.0,20,-1.2499999999999991,5.803139791512394
Downturn Dec 2021,2021-12-01,2022-10-01,-20.29,10,,,,2022-12-01,2023-04-01,12.0,21,-1.2499999999999991,5.803139791512394
Downturn Dec 2021,2021-12-01,2022-10-01,-20.29,10,,,,2022-12-01,2023-04-01,12.0,22,-1.0499999999999994,7.177941741327675
Downturn Dec 2021,2021-12-01,2022-10-01,-20.29,10,,,,2022-12-01,2023-04-01,12.0,23,-1.2499999999999991,7.177941741327675
